category,mode,prompt_tokens,tokens,total_s,ttft_s,tps,speedup_vs_base,prefix_match_vs_base,peak_alloc_mb,peak_reserved_mb,context_utilization,fp16_kv_mb_est,turbo_vq_kv_mb_est,turbo_vq_transfer_reduction,accepted_tokens_per_step,verified_nodes_per_step
long_context_512t,medusa_base,522,16,0.4083939840000994,0.4083671130000539,39.177854294729535,1.0,1.0,2991.716796875,3070.0,0.0041046142578125,16.8125,9.85107421875,1.7066666666666668,1.7777777777777777,64.0
long_context_512t,turboquant_prod_b4_full_tree,522,16,1.0058375419999948,1.0057755259999794,15.907141394012596,0.4060238029971062,1.0,2988.44189453125,3018.0,0.0041046142578125,16.8125,4.59716796875,3.657142857142857,1.6,64.0
long_context_512t,turboquant_prod_outlier_k4v4_c16_full_tree,522,12,8.010527877999948,8.010503530999927,1.498028617184731,0.03823661719488951,0.08333333333333333,2971.443359375,3030.0,0.0040740966796875,16.6875,3.78076171875,4.413793103448276,1.0,64.0
