category,mode,prompt_tokens,tokens,total_s,ttft_s,tps,speedup_vs_base,prefix_match_vs_base,peak_alloc_mb,peak_reserved_mb,context_utilization,fp16_kv_mb_est,turbo_vq_kv_mb_est,turbo_vq_transfer_reduction,accepted_tokens_per_step,verified_nodes_per_step
long_context_16384t,medusa_base,16104,32,3.9523904809998385,3.952351957999781,8.096366023001083,1.0,1.0,4466.79736328125,4852.0,0.12310791015625,504.25,295.458984375,1.7066666666666668,1.6,64.0
long_context_16384t,turboquant_prod_b4_full_tree,16104,32,7.131444010999985,7.131415403000119,4.487169772438961,0.5542202217255613,1.0,4092.98583984375,4664.0,0.12310791015625,504.25,137.880859375,3.657142857142857,1.6,64.0
