{
  "step": 1500,
  "reason": "validation_improved",
  "metrics": {
    "loss": 3.4829244799621253,
    "score": 0.4090668275156524,
    "tokens": 146784,
    "head_top1": [
      0.39906984334203655,
      0.22004357298474944,
      0.15199607329842932,
      0.11795543905635648
    ],
    "head_top5": [
      0.6387075718015666,
      0.4206154684095861,
      0.3286431064572426,
      0.2827107907383137
    ],
    "head_top10": [
      0.7224760661444735,
      0.5127995642701525,
      0.4164485165794066,
      0.36904761904761907
    ]
  },
  "args": {
    "init_medusa_dir": "TinyLlama-1.1B-Chat-v1.0-4heads",
    "output_dir": "../medusa_tinyllama_heads_selfdistill_3060",
    "data_path": "../medusa_training_local/medusa_train_mix_70_15_10_5.jsonl",
    "seq_len": 768,
    "min_seq_len": 32,
    "max_samples": 0,
    "val_ratio": 0.03,
    "val_samples": 256,
    "no_pack": false,
    "seed": 42,
    "epochs": 1.0,
    "max_steps": 2000,
    "micro_batch_size": 1,
    "grad_accum": 24,
    "learning_rate": 5e-06,
    "min_learning_rate_ratio": 0.1,
    "warmup_ratio": 0.03,
    "weight_decay": 0.0,
    "grad_clip": 1.0,
    "head_loss_weights": "1.0,0.85,0.70,0.55",
    "gt_loss_weight": 0.0,
    "freeze_legacy_lm_heads": true,
    "loss_token_chunk_size": 128,
    "argmax_token_chunk_size": 128,
    "eval_every": 100,
    "eval_batches": 48,
    "min_save_improvement": 0.0001,
    "keep_initial_if_worse": true,
    "checkpoint_dir": "../medusa_training_local/checkpoints",
    "checkpoint_every": 100,
    "keep_checkpoints": 3,
    "resume_checkpoint": "latest",
    "dtype": "fp16",
    "save_dtype": "train",
    "device": "cuda:0",
    "num_workers": 0,
    "log_every": 10
  },
  "saved_at": "2026-05-08 15:31:16"
}