head_dim,kv_len,q_len,bits,residual_dim,score_mse_base,score_mse_corrected,attn_rel_base,attn_rel_corrected,packed_bytes
64,256,16,4,0,0.600801,0.600801,0.101223,,0
64,256,16,4,64,0.603428,0.340721,0.103617,0.071117,8192
64,256,16,4,128,0.584900,0.159173,0.100469,0.052944,16384
64,256,16,4,256,0.576340,0.082567,0.094925,0.035468,32768
64,256,16,8,0,0.010667,0.010667,0.014563,,0
64,256,16,8,64,0.010341,0.005978,0.013702,0.009769,8192
64,256,16,8,128,0.009720,0.002680,0.014692,0.006489,16384
64,256,16,8,256,0.009868,0.001393,0.014325,0.004609,32768
