prompt_category,mode,tokens,total_s,tps,accepted_tokens_per_step,verified_nodes_per_step,adaptive_balanced_steps,prefix_match_vs_base,peak_alloc_mb
hpc,full_tree,53,0.8390516899999056,63.16654936956978,2.2083333333333335,64.0,0,1.0,2703.28076171875
hpc,adaptive_calibrated,52,0.4175188880000178,124.54526368636473,2.1666666666666665,30.333333333333332,16,1.0,2701.55078125
systems,full_tree,48,0.4342249090000223,110.54179298589601,2.0,64.0,0,1.0,2703.291015625
systems,adaptive_calibrated,44,0.40834957000004124,107.75081751646158,1.8333333333333333,31.666666666666668,20,1.0,2701.56591796875
