head_dim,q_len,kv_len,residual_dim,fused_us,reference_us,speedup,rel_l2
64,1,256,128,118.55,446.08,3.76,0.000429
64,16,256,128,120.79,421.04,3.49,0.000466
64,1,512,128,180.53,436.93,2.42,0.000448
128,1,256,128,225.62,442.24,1.96,0.000446
128,16,256,128,226.33,451.61,2.00,0.000464
